Timestamp,Type,Content
08/04/2021 20:16,title,Basic Function
08/04/2021 20:16,text,IDKKKKKKKKKKKKKKKK STERAS TEST
08/04/2021 20:16,text,dawsD ASDas sdA DSa sDadaSDASdasdddddddddddddddddddddddddddddddddddddddddddddddddddddddddddddddddddddddddddd       dddddddddddddddddddd
08/04/2021 20:16,title,dddddddddddddddddddddd
08/04/2021 20:16,title,dddddd
08/04/2021 20:16,text,dddddddddddddddddddddd
08/04/2021 20:16,text,dqqqqqqqqqqqqqqqqqqqqqqqqqqqqq
08/04/2021 20:16,text,aefawsfqawdfaw awd 
08/04/2021 20:16,text,awd awdadadadadawdaw
08/04/2021 20:16,title,
08/04/2021 20:16,text,
